channelID,channelTitle,subscriberCount,totalViews,videosCount
UCeyxZxlt6mN_1_LZd0m7XOw,이야기술사,76000,171644581,646
UCxwbkSqhPiWdH3KkWFXG1UQ,easymag,12800,44350575,201
UCF24NMvY6K0wUUaRR2jscQA,일분일초,369000,1274577606,1133
UCC38K-xXW3mAdm-EKNIWc4g,마드필름 Ma:de film,14900,26774389,98
UCQTqKcCkodd7tiRrAzlqo-A,폭스토리,78200,147060082,145
UC3dOqtgCdsS2tFKIUNsJDxw,드라마잼,15800,74573968,158
UC8pqfCpRwtOeVG3lfvlkb9w,1분예능모음zip,603000,2189703743,1897
UCIAgiD61TiS3TVLk7fBrehQ,너의 과거,61000,45497616,198
UCjuETo87rYkh1OYfq8mUeIA,크크랜드,11600,31069652,422
UCfn4ZZuQHGkNg8PZtNNRIIg,예능내컷,92000,343857876,494
UCQneAQzVX0H6XMc7ElhlFDQ,G명언,19500,70021637,125
UCBv5IeJ8VmtKZ_o3z5t9_HA,고구바,57900,74947961,420
UCAVFRIdu3yhXROEdeUOzVCw,멜로컷,27700,46165052,77
UCZPr7AOucG3JRPfmACqWbrw,연예 팬클립,19300,95103330,136
UCmlzLklGeKTkmy112ILwAwQ,뭐볼거없나,142000,716562861,396
UCBhoEq4U6LXjWd-yUz7zOPg,나의명언은,10800,17446589,155
UCBwwsye4U1YkrQyznncUkhA,씬무비,12900,51153252,90
UCKQNDrIaRCPAwFEoZQAt73g,예능보따리,318000,19148062,330
UCLvk7dfQZRLieDesCF232sg,시간 훅 가는 쇼츠,91300,495343487,331
UCejeuL7B6s8UpsNaYWWzeEQ,미남재형,688000,805230732,310
UCWwK-ls7Cr4g_ctG15seTeQ,그거참재밌었지,121000,4366255,43
UClVUrrc1TqZpEkFxJXlYQAw,용산,13100,14744751,46
UCQxgH6bT9P3bOVRwXgEHyjA,ยุทธ จ๋า ชาแนล,11700,4197205,133
UCPrErKfV-Y9BNYhli1b7ACw,코미디엑기스,11800,22139513,71
UCz58yrNG8TP1HIm1NlB5z6Q,ROTEIRO ABERTO,73000,19664655,505
UCwPdMoWKa03noYwjEQF_E5g,무비팍,50900,211746910,571
UCjBZKi-coSFgQGnr3gzyoHQ,클래스S,16300,44556334,248
UCJN09npM6f8THcvpiiqlubw,쇼츠빅리그,29500,70491661,83
UC3R4lXnRYJqSMMUFbU9PrkQ,숏팅스타 ,156000,1320626875,879
UCBgyZyzwlIuOE4E5NNTRNfw,스윗무비,45200,224577125,346
UCg4HN76xqWBPQCSzxPEj5-Q,탁히,10600,33569685,72
UCw_-4vndea_ySgEIc7dTvdg,쇼츠펀,65400,156389808,800
UCKNdfTZCJuOQfWN5Pe5UAAQ,빨강도깨비,895000,472613155,651
UCudU-KmGaP-4QFPtBpRuCIQ,킥킥쇼츠,31600,38325132,78
UCc0pppYjqAOVmfGXMIROppw,영철tv(yeongcheol),39000,14594264,105
UC6woCAHfQvaEcsVGydmG1tQ,짧을숏,218000,525499804,883
UCakQRoujZx77RGGbi_27g6A,90년대생,11700,31714680,88
UC_cYSffBupk_VwjPmmhLjCw,웃어요,34800,80846127,223
UC8BnU7nHUeQ3S1EGuSLl-qA,인간빌런,13100,8907894,30
UCtpDRkcbDWigQ3VhTCv0Xjw,플레이시네마 -1분 명장면,14800,38512488,176
UC_Aly3X5CdojHdRDGmKi1ow,엔스Ens,501000,308374006,557
UCMMx5jGFIQn8UNBg8sGvpmQ,드라마 핫쇼츠,282000,537094248,1731
UCvtEf7lPZc2ApkWED0m_MsA,심슨극장,40000,100363783,295
UCc73UrF2glN2L4ycZJWCLkg,예능chill번지,108000,54217739,320
UCY_QscYFA1H-6bgQe4ug51Q,1분팡,17800,88677328,351
UC_mweXsc6I3PC7ckCSMe3Xw,흑태양짱구,13000,23636205,77
UCMKTwQgl4_MaKh7t03Y-Y-g,짱구네가족,16800,14259973,41
UCnsRFSp9BfN3lcEaKk2CLpA,애니볼래?,11300,15725171,32
UCbYNi5gs7R3MjXpPAw8lpcg,슴슴도치,24900,168989313,154
UC-NwDAlauvNzRnC3mk7CkPw,쇼츠태양,25700,159553301,585
UCvJnb0ty7RpquJKouRBeEzQ,픽플러스,738000,902197266,1120
UCX3KEmJd6CXRNH6YVa9AoOQ,JASON MEDIA,525000,1830966244,1577
UCPMU3PoR_NRcCxu0X3Liiiw,야우냐?,410000,1328249694,1291
UCcWXeluvExN8-eo_5KFfyjw,버미쌤,868000,297976806,456
UC3-9Ul8LOKJzQMdo1nFb_sQ,강석주,37500,331930940,367
UCXmYEJeTYVRXtLLUaoY01IA,유머스낵 쇼츠,381000,1335481362,1055
UCJ5kSjbFvKzRjyoK156j-UQ,면류관,50700,123490946,261
UC3khiHr1souRBk8uXV2UVDQ,차의세계,15600,46365593,268
UCRcFdEQDfe5d-wutz3yJPEQ,배꼽유머,82000,128868929,436
UCH5U89kvHrVxxS80xpoOydw,한문철 TV,1780000,2757405488,27742
UCrMcLCFW9en-qEQayUrs0Bw,행복한 인생 길잡이,31900,87914748,238
UCW2hKXklYTXK7upjzcNLjyA,Pak Dito,15500,10234737,293
UCelaR6G8YdgdCDcRV7i8x3Q,S9MOTORS 에스나인모터스,15600,9932013,748
UCXTQWsvCnuKxqnbBFMYhrSA,별놈들,1300000,913767263,1500
UCC9BJCo0Eh19hg2ulED0Hwg,짤의민족,220000,362378573,252
UCqnbAnSDiLYynzME9lgNvfg,남탕,25000,30856796,14
UCkJ8rQnTnJrWPVnbu0hsyBw,유머탐험대,15300,9493076,70
UCTg6xvzr4uc8-oZXLcd2zAw,삶은라이프,109000,112980645,364
UCCvK3BFTnMc_sg4jcKIGKlw,MMK GEAR / 폴황,124000,153711363,5302
UC6lYdrYnNC1hD4T089AGTKg,노라준카,42800,55961790,333
UCkM0LRI4Wi8nihg-IttEYHQ,자전거 읽어주는 남자,244000,122728809,397
UCGyA4MkaU2STMEKF78mZRug,ATS TREINAMENTOS,29600,29630853,110
UCONmx25iw0zaJcFg9ZHY1mQ,다 잇다,25700,12527778,457
UCT1kwFpz5p1zI5DYNZtoxJQ,썰플,23300,85221571,242
UCUj6rrhMTR9pipbAWBAMvUQ,침착맨,2770000,3276269749,7558
UCeW--_lfExAL803_daBiFVg,Mr D Woodworking,53400,17139064,57
UCK4tU5I6ohnHeq_8rbE1wWA,Sukhbir Skill,1830000,937966800,355
UCxGHa_vdppJNVLmQShNVnrA,Bliss Bits,1080000,937690688,1098
UCAnu8zuqomikJ58d6MsW_kw,김누킴,66900,86337131,483
UCU-ltMMSmo03bQEx76C-zZw,Truckershaderoom,41800,45472284,1306
UCDyb7hB6TwGxP25o9hGCqwA,유머스낵,431000,888926068,881
UCLgIpbxquWUnIFvWLb9v1MA,짤타쿠,10800,50393904,112
UCZ0a2TA-EzL_1KJ2vWx2cNw,김툰,20700,40900944,354
UC3pCBRbdO8lDFRJw9GtNL4w,K-자동차,13800,62825870,509
UCCEQiGTXVdTXleZaHvePm7Q,IT’S  ME VARUN 2.0M,24000,13226057,685
UCPbxBhcZMq8NMq0EuXxGuAQ,중고차파괴자,617000,364921415,451
UCX6OQ3DkcsbYNE6H8uQQuVA,MrBeast,375000000,75607280926,854
UC-JrY3OsVEKmi3qgSVZ1r8A,지식봄,13400,9431011,24
UCB2y4U9UpRd4Y2Lmow-Hzzg,HRS POWER,18300,3120587,170
UC1Sv4uLAUpPJPmnUXIESR4A,mazen wehbe,61500,60630255,531
UC9nFMAQcn0bqIrEV9vUdU1g,사나이 김기훈,1110000,871452118,998
UC35F9WnUgEoY_Pd2jOy5Ktg,알룔료,10500,3571454,3
UCxqMVa2tT-1NaOa2n0mpNTQ,리틀포크맨,50600,96444078,907
UCM7lS3kI_xnDCdWndUybZRA,남자마켓,34100,12194053,77
UCHuLV8eMXQcC12X5REeMQlA,Watchawit,187000,172471989,273
UC-Soj8cT2IuLefpPffFugVQ,유휘,79600,181219654,726
UC28KIazhcYzHC4JvHRfMZjg,중고차부싼카,337000,277093140,894
UCRKsLECGa4TEep-KhDL6dYQ,Krish Desai,43800,48087139,61
UCq2vJ43ZiuL0Sd-scrw6Ezw,그의 인생은,14400,75307388,153
UCXPOR4gQVDrGXPf3_JEmcRw,방구석지구촌,461000,1107821630,571
UCAl7xQ6q0PEgZMQD7zr4AKQ,JENNIE - Topic,679000,417138022,50
UCGKXb1syicud01CJOOFRykg,Lady Gaga - Topic,144000,3794445042,2573
UC-clMkTZa7k-FxmNgMjoCgQ,LE SSERAFIM - Topic,35400,1389025207,146
UCRfVrZpe3TA-LB4rutWAtkg,G-DRAGON - Topic,235000,597555782,210
UC9HhDGbto7PIQP8ZFmKESkg,OVAN - Topic,13000,216711625,125
UC9oomNHPNLrh819sxCgcYTA,10CM - Topic,9930,718670623,222
UCaO6TYtlC8U5ttz62hTrZgg,JYP Entertainment,30400000,24192058387,2328
UChLNWcjgBfZ9RPnzR5LM1mQ,j-hope - Topic,1890000,182297470,53
UC3IZKseVpdzPSBaWxBxundA,HYBE LABELS,76700000,38452965087,2354
UCIwE33gDkznkuot-fU-WcOg,BOYNEXTDOOR - Topic,10200,135445038,41
UC_qHgUYj1AD49hrAdRw1eGg,YEJI - Topic,14900,1887689,8
UC4UnP3v-iaFaLdtKwp84Pmw,이찬원,402000,493217607,236
UCwZQh9xaDypKdmUafh1JaVQ,Release - Topic,3,55423,2
UCC3Hg75KxQk4VTrBSphEbGw,Hearts2Hearts - Topic,8300,9032721,4
UCtA4muF8jjTxjvC9TIeqAMA,LEE CHANGSUB - Topic,15100,123253556,81
UCod5V2dpnpJLklGvVOv5FcQ,STAYC,1770000,1323923904,1547
UCx45MLSBioJvR5CAL786nTA,Onestar - Topic,14200,229747388,110
UCfCiP0obFQZOB6fJqN-eF8A,KiiiKiii - Topic,5190,5539865,2
UCwZMmIVr07VLAfNcuqg9LZA,다비치 DAVICHI,272000,625795785,177
UCvAUJvMNPy1LLVKpFiu-X9w,SEULGI - Topic,59700,87256245,39
UCjglaxl4u4x1hG9vA0OZL2Q,Choi Yu Ree - Topic,28900,307550860,109
UCkN6oIPrS-ovf5AU9BD7KCg,OGAM Entertainment,184000,152265434,6378
UCljjJVPQam6IaerEz2Mr5NA,아이앤지식,124000,728821305,403
UCH7ZmSDIcuWXErEPN-MJyqg,타임쇼츠,24300,31229357,190
UC7M-XR1tMJC_9X5wlfJv_Jw,감동물,319000,814374113,494
UCYRvrl_DaSENSF5xQ_RlvXA,감동먹자,104000,51831598,269
UCq4cFWNFpswWDy1k0b761SQ,아조아,121000,132387196,135
UCBkyj16n2snkRg1BAzpovXQ,우왁굳,1740000,2234720625,8220
UCVUmyQPMt-RJ1ufBoTj9dNQ,꽃개냥,93100,209947817,183
UChBRTHSyiah6poSscWqptBg,숏여우,86300,251956146,233
UCaQEpOgPoBizJihfJ7CW6og,애니멀숏츠,19900,14060629,95
UCV4dbNA-Wi-uAPHM5somg8A,우우걸 oohoohgirl,10800,8283704,48
UCF1Rpn0RGyQ3sceOurMBqPA,Kitty Cats,227000,135573962,479
UCNZQH5gqyNf0gm8DkTRfkLA,동물타임,266000,470888571,560
UCh9Hs6LCnksZbSs2SqSdfqg,철멍뭉,636000,406752081,408
UC4MTOz8ZeRjT4ksmRA7Q_4Q,유니랜드,130000,309766828,508
UCSpABJM4eERzyY4nfOFt0Ew,유머꾼,12600,60618257,85
UCt4PBS3VQaMiQVUIu2LvM6w,힐링농장,143000,239177885,344
UCE1H4sQdFeFRbuOFcliky0A,버디 buddy_beast,15600,8614489,20
UCRTwx67LEjux_k1NzpxYpWQ,으냥냥,12000,18835833,99
UCvXADObgwwtDCsnONOQebmg,후다닥,154000,106556791,169
UCsVfO5C0JAJ4dhVkpDkpbOA,dog-cute- animals,1620000,653756025,67
UC7bitSTkUiDO6b5CSZ-2lDA,Untold Stories,622000,298398252,384
UCJ5pGJy66H5cMJqatOm96pg,1분토커,43600,62126511,489
UCHSngYqwXWEgBU6z9pQAj0w,숏숏,307000,28464224,189
UCRWxH4fGhuNsh0klWnDbt0w,언더월드 UNDER WORLD,1220000,905381791,383
UCtvuQvvX9lFut_K8OdIn6qg,Dogophile -pet parent ,13400,7221889,42
UCotLo864MJbCfkzQaHquH7A,여행철학,40000,57967509,609
UCoSB5ln1nHUWO-GV0XI_Plw,전숏대,116000,113585120,172
UCy_zPS1AbALUOqLvKEdnXzw,뭐보냐곰,146000,194192127,336
UCr4CatqympoNVEzGirUSgfg,톡톡 동물 지식,423000,998194479,1306
UC5ZqaJ9klJrwgsKjYW42JtA,원샷한솔OneshotHansol,1350000,1268634024,815
UCQbN3pcS7LAYfNvzdjQTE1g,호기심탐구소,134000,232169378,303
UCryBzYxIiepEpecRkNFxJtA,상식에 미치다,74200,18263412,321
UCrkKaDi20-NRZVi65uIue3A,뉴건,13500,85025600,280
UCkkQrCGwsC_1LWRcUz81ZyA,상냥스럽개,68200,60969984,113
UCS-uWd5JJWTDByy1OsLpEVA,포테이또,109000,143299812,434
UCwougW8eZ2hpyEn_c5oh6tA,꿀잼츄러스,23200,76036005,111
UCGEsS4iwOkog6ooCEzjuGiA,협박남,153000,29685166,46
UCBxaSof3Z3bYHoKrjqxpeEg,힐링포옹,10900,2340596,45
UCX7dAdIiSo1DmW8wi0xDM4w,우린만났다,24900,47656602,124
UC9vhGW-jojAGUMz-wLJGhfQ,냥땅,47400,74877964,580
UCxRGLdDUodBiMSpOmtJy6IA,레드토픽,13000,38320730,179
UCQ4WV9W1EGKdi8_n9Il_nxQ,떡한입,41500,33115887,136
UCyRoynZRY026vew0Ix41bhw,리뷰띠,519000,863308856,463
UCH4ydkR_Farj84SLeE4uRgg,감동꾸러미,158000,135925846,396
UC5OnSWjlnY-FTmw62e1ByHg,Animals Lovers🫶,397000,186399090,655
UC3DRoU5E0CZMljHpouRAzgQ,Mystic Chronicles,372000,120033863,195
UClbAxnNKc3Gv5EQ_JthkRVg,보설콩사뿌 [묘생동화],15800,22047800,238
UCWcYeZzQYcJXWragaTfZzfQ,고슬홍차세상,11900,5137353,178
UCkcG0D2Y_pCg8NL0d4mjgBA,오늘크큭,42400,33352493,140
UCUjUU-lu2F6NjMxm3Qxvm-Q,펀 팩토리,49300,184781837,246
UCabmTI9xy7V_G-rPocixuww,김판다,184000,473304604,101
UCnCaseYX9H5bPzCNuB_9qJw,피식킴,19600,50102698,152
UCLChexBTEyyWwTAkbPymNNg,진짜 잠깐만,293000,1178338087,1282
UCIWIOJnn9wd3-K5yv5rJGKw,소몰이꾼,25000,72732996,78
UCGqxMPGA56vREDntiTsMSHA,숏충이,40400,78375030,403
UCXR22tiec8MfTlUp4JXOzNg,SPORTYMEDIA,113000,314135459,578
UCWcRUyd0ViHhBiKggAApaCg,격투맨쉽,38900,110477311,388
UCDsjR0rrz38EKkbZ-cRbmxA,숏스커버리,197000,323240522,881
UC5JiEeJKIVPwQl3xEA0nAyg,잇다,191000,522849113,1001
UCdIPB_KHGcX9Yif-uR6S0eA,스포쇼츠,23000,93821795,307
UComRG16hBlKYyOVtXk24TIQ,잇슈왕,46500,162063909,551
UCy6X4RYTjGnrQQpwC6xQG9g,대박s쇼츠,148000,242295268,526
UCnXNukjRxXGD8aeZGRV-lYg,스포타임,890000,1729829515,15807
UCASQisZAfo4_R53nbuK_n7A,쇼츠탐구영역,26700,62783164,259
UCUWdVHFdoyHCTDcQ4Gte_KQ,국뽕의민족,52500,51329450,80
UC270ueFEsQ21S26TYI_9yVA,야신야덕,292000,507856187,1527
UCClLLvoBJN2mpeSnx6-Danw,스포츠야미 SportsYummy,31200,71246778,188
UCqAu9ziq7iUGZHmiqQqbgyg,라커룸이야기,12200,45305299,222
UCSin3OGjCdsCcop7AsB6NXA,축구어때,111000,316474197,773
UCuEpHb8hXkV-qXBp1uBC2pA,아이쇼스피드 백과사전,251000,564553943,398
UCYuXe8y4Hsz1-flloFBJt5Q,도블락 GK Doblock,190000,335831737,2172
UCK7oCnJ5eQhuXrvL2ihrbdQ,핫이슈TV,350000,420683977,1660
UCknx4XQhA-b97lPxVgNYBng,이슈붕,45700,138015326,219
UCvY890vUaIMJ68eOpqvmAAA,레전사커,80900,386120594,1264
UCv3CTPm72dPQH6yzyLn-pHg,나루월드,62400,45701290,190
UCrLPLhgox9bPoy2JIvUEB0g,싸커스토리 (후반전),29000,103212245,187
UCB3HOiLl9RSOosOOx82umuw,골때녀_골프공때리는녀석,11500,40906736,99
UCpBpsIYfgEe2s-zazZ643xw,모르면개손해,299000,1244798624,1349
UCeN2yQGeeJnOjJn0icZlX2Q,TV유단잔가,170000,203108014,390
UCR0CcFKPsu1sJxFfzeRn4gw,골프연구소,29300,27115963,121
UC9opVvdYqxrwjYq1i1626SA,짧은근황,67000,51482393,94
UC2l9YjSo16aT2DGX8XRIM_w,Funny Sports Studio,79700,161415434,409
UCjfSLIdqrH7F9Q-pHGL8Y8g,썰팔이카사노,12800,49477175,101
UCl402YYy7RcH7PBI3npmGPQ,두치와뿌꾸,855000,2115184035,18266
UC2qjHK7wWxzb8mF9lgf7uXQ,NICKY니키,786000,435222876,897
UCrF4HldLotehw991JTsqXhw,들었어?,182000,453767315,1059
UCS56YF1dyARgFH1cajjqFXw,금바페,13100,61540933,378
UCWOJBPAhe2W0BqL2NO2EGnQ,핫뉴스,98500,164568445,719
UCx2K1jzcWJs66G1WZheLjmg,알쓸야구,31300,256328998,577
UCvoc6OybPdeLzbX_Vn3_SxQ,참선생,92900,155192232,52
UCEb5K4qcbxbEag-6PQi2jHg,연순궁,79700,95912593,648
UCrL6XKKPwKTCxbnQUaAHt0A,몬스타즈,30300,50707684,137
UCDBAVzfX3yZ1hah0FHnOoaA,괴물쥐 유튜브,1190000,1522265168,1840
UCBA9XaL5wCdHnC5EmEzwrqw,튜브김민교,727000,627201515,1715
UCJpAwvQaZyCI5spAz7tipGA,PAKA,780000,759850977,983
UCRlaFFgUHAcc_Oce_GgAQmg,모찌엘,236000,41765175,247
UCg7rkxrTnIhiHEpXY1ec9NA,잠뜰 TV,2310000,3987950764,4197
UCEu_YKdz0lMz1NkB3vlUyyw,승상싱,546000,265266833,198
UCyoSQyaCrZHro6F_nBiXIYg,클리드,247000,85358458,283
UCCoU5ViXgoK-_2neelNhQaA,꼬예유의 로블록스 저장소,30100,2288112,11
UCNzcxCN_Hh_lu5RCSFXKgGQ,악동 김블루,2080000,3286884690,2983
UC-9v2ASxz8f313YpiMF55eg,김데데,233000,119356851,927
UC1dG3vI9FfHnH3YgyeKUz_A,저라뎃 JUSTLIKETHAT,711000,894271834,3753
UCZ-UuK86Bk5sGzQQ2cEglJQ,주키니TV,705000,545563340,1392
UCOTJtP0Z9DjpPU43B5m1V6A,[ALTUBE] 김성현TV,861000,1243595125,4582
UCD8r5Jgns2V64-NcUmXclpg,전쓰트의 게임 채널 Junsst,608000,854754041,4179
UCw1DsweY9b2AKGjV4kGJP1A,LCK,1490000,1967596395,10608
UCgT-gb3favw2jQgwxbbwwaA,잡상싱,297000,220354980,1478
UC1q4Ihlv_YhLELw-ijE0Diw,마플 마인크래프트 채널,745000,1746503202,3284
UCBjPppB6FOLloYBUvgbqE_A,불도그,207000,102445043,1320
UCUR5w0E-jQTOO8Q0FZ4ilYQ,팡이요,556000,624919119,5262
UCpnnUKmAQKgVinEV-lV-N2g,프뚜,155000,18805563,24
UCUbOogiD-4PKDqaJfSOTC0g,테스터훈 TesterHoon,1410000,1735256259,4534
UCTLIq9jl-pb_ojAZZtoGaOQ,빅보스,171000,69334443,2391
UCxRlvng0zVoyEBhutAuXfzQ,유봉훈,326000,296463619,1604
UC4P7F8qenDo1O_5NvgBb_cg,발스타홍구,434000,482875884,1395
UCJmsB6NAU0sp2htDL4KmX0A,전략적죽음,96300,27531054,296
UCnMhzw7xYMl6LJpM0au6vqw,김된모,425000,281324777,1176
UCfIUuMA7U_jImP7oWfTe4Pw,이상호,894000,629091222,2322
UCnkytUgy0CtWd06up9CjNxg,가재맨,431000,332170103,1559
UCpJw2H9KKqwCCGQKRh1Bf2w,T1 Faker,1990000,427504264,1409
UCEcuyrAqhRVUmRdOd6FGKSw,기리TV,1110000,1450936113,2991
UC-okJdotaXPlzivRzHFqzuA,인피쉰,576000,794355127,5712
UCig46B9QqbQPlt9nwyk4YtA,서도일,115000,32537245,416
UCHHRRcn1zdzcfFJWyz3_V3g,크쀠,42000,8119237,430
UCIPmQnugroDAvYIPyAEMb7A,구칠이,163000,67132126,787
UCSgvQDek_7CQj08fu7kp1Iw,중년게이머 김실장,413000,171614130,564
UCw-JzmPsjRcbzJLncr4pIIA,수탉,953000,642760744,1820
UCunQJrd9yphZEH0Etwjnabw,스맵,171000,49842175,496
UCL_IvtOZo6sONpiydbzzHpA,JUNE,673000,1004247034,1923
UCcXUxxDN7yjNsaDqC2J6jQA,개신사,113000,43197620,604
UCl4nBkmJCDs6RR8uWldAqLA,텔론,1070000,1358517269,5331
UCb5NLtXAsTBrmaZVhyFa-Wg,글자네,568000,591400314,2645
UCcgkgKhXT6QwdGj9Nr8PBcg,게임대장봉준,76500,29900192,315
UCTZPZo3xuW5k6RkhlVaJ0jQ,김뚜띠,271000,270575625,1862
UCpI-AhCT02iQRGLC2ZcY0Jw,영미터,255000,320833889,4874
UCRkC1NIdV0ttireYczHPLbQ,평학,146000,7034885,72
UC8rbhIem-3aAsNXhTDI-nSA,행돌,265000,201319635,1264
UCVJT18d9wSCnDUdnJ9ycO7Q,동수칸TV,543000,639022231,5694
UC-S8JFhLkQ5enhB70c2CYIw,왈도쿤,379000,444670962,2605
UCm3SDarPtTOS_NjCh9d3TDQ,[하말넘많] heavytalker,676000,330257867,1112
UC6w43bdyvx21dHu9gfQjS2g,이웃집사장,232000,2059583,84
UCmbGE7Y2ov7pTBuUrkXgtTQ,할명수,1570000,495355624,861
UCpGmwseGcRtyG8GxRmozKPA,유네린LIN,319000,74014351,417
UCMDz2c1fx9jkK9aVENUCdUw,터틀이주미,253000,13683466,39
UCU1ECZb8wRxg6iVMBDfl3GA,연늘,70700,15325658,188
UCnnt-d-DDgO4_9tL-icCjMQ,규진,223000,35179253,211
UCaS2hR-Nz2TnBhD68RQvDig,쏨따TV,13400,11457777,362
UC7EgEOd6UKUHZHcvcb4ERsw,지새기의 인간극장,104000,16370420,137
UCd0pqkoWoVbxNH4N3dsetqA,장이나 Ena J,331000,68606438,336
UCv__cBuY9kyTWJje947ysFQ,나는아영 IamAhyoung,60600,22641452,455
UCX7JYcZIbRUxXaFMKDXLxtA,고나윤 Nayun Ko,115000,9218559,175
UCuDUt0EtAygfXH3-LKPWzMw,우림이씨,73200,12222797,273
UCZB8FKm68UQPGWKebOel4Pw,수쩡민,315000,57509630,115
UCnz0ghEwEpUcFR-ESkfKXEg,투트랙,177000,16588412,979
UCDSj40X9FFUAnx1nv7gQhcA,월급쟁이부자들TV,1910000,617180424,3032
UCSfs2OeyOX0r5ZucDho8voQ,НИКОЛАЙ ПО-КОРЕЙСКИ,381000,143652819,858
UConnM5zwOP9vG_LPTYbRsAg,Lâm Vlog,10600000,4184684037,689
UCmV0FwFQrNlNgxFKFu7MReg,Kdrama,16200,35400057,1409
UCGCWLJIxhjAT7uN3ghhd2fw,쌀툰,29500,12570761,119
UCKBuu5fcf-n8Ex45SRx5cwg,핵잼박스 - 1분 순삭,136000,366128231,537
UCg8iq1rK87jJLpVc24iRypQ,썰푸집,72700,14273489,53
UCzucXSFjhZb10mqjXHXTo5Q,한살차이 [Hansal],1370000,2553235843,630
UCBP9m4-77BpUCPX14sPaItw,우기유니,231000,103940578,107
UCeFCPQuMsLsMoJ0EO1Xm7Kw,명언의 선율,144000,172696449,968
UC71TbR88ZOAsa8-JG3UD3pw,쇼츠타르트,495000,1219397623,1029
UCWJcyi-Rpll9CZ1MFS9OWwg,빵공장,25000,23711039,178
UCikSO7mSQl-lx3BJOBzqA8w,짠한형 신동엽,1740000,352484203,318
UCh9ssfhbHbALUevPJ2I-pIQ,우도준,153000,53119874,282
UCA78q21_ylajHgElLPg44MA,쇼츠공장,180000,563865858,522
UCOOKj-kWvrsK8CDfHZTw9lw,Pixid,710000,395149222,376
UCrxe-Msh2j6ICbfUaDJj81g,이슈카톡,289000,638077732,1918
UCtfgw7QCPegh43N8clibnCA,치츄영업사원,57600,181663710,763
UCzsI83uQ4rrFk8a4cYggkcQ,1분순삭,349000,1983000009,1314
UCEllsk9BsIsvnBO3oYYb9JA,사나이주먹불끈,25400,35963738,80
UC6yEsiYQjnLve24g34lVa1w,낭만박상환,787000,2050030019,1237
UC1IgtRvQKgQTStE4MGFafPA,숏! 무비중심,36800,72843183,172
UCm43qB4VP47Er31Egu6CTxg,예능국장님,52900,162071316,573
UCVyQz2JomW33D2JGo6KAB9Q,드라마스토리,48100,229061686,400
UC9sJx0j0AbtRQX55PTdsyJg,코밈 KOMEME,543000,864921487,712
UCg6N52snDwhatFhprYkVuOQ,네자매모먼트 [4sisters],215000,211637901,117
UCMlHg5anGEDTbXC0hIVNzPw,K썩은물,187000,992038224,1003
UCAMPl1v93Xem81K0ZETWg7Q,식빵티비,13200,84245248,130
UCbQfoR7-qOKsDQrRa5jt3Lg,출구없는 경수,11600,36393391,452
UC94AtgHV117riLPuLFzGRAw,케이팝있쥬?,30600,196919540,347
UCIqdzRXgsXoAEwl-FINmA0A,썰해적단,110000,95383045,235
UCw_osRh60_cWsVXEaROW0eA,짤PT,11300,37340641,102
UCTmrCBHyMN7lde4p-lTX9nQ,원더맨 WonderMan,990000,710978329,765
UCeEFqSLLlCXmtDunMzKw9DQ,뽀잉LoOks,49000,166720361,852
UC28ZaYb3rndARqhK03Y5tog,전핑콩,173000,248741295,234
UCs4wUolAHK6DONFmUBJIOHA,세아쌤Seah Ssam,1200000,2089611832,709
UC6kZpTl39-_SqfBrF1-N2oQ,연합뉴스경제TV,748000,432147375,17937
UCWlV3Lz_55UaX4JsMj-z__Q,뉴스TVCHOSUN,2670000,3478355722,132227
UCuka4cOMWar3MM0WDtE9ehw,애국청년김태풍,137000,84280711,471
UC3pQK8hrDpoa3j9n_p9dSrw,짧뉴(짧은뉴스),549000,790599181,4216
UCAAvO0ehWox1bbym3rXKBZw,김어준의 겸손은힘들다 뉴스공장,2070000,977855837,1328
UCMT_LGvfXb16aHYwmJlC7dg,자우소,296000,225765648,1092
UCbouR-45rChK6ou95zSlNxA,사이다 이슈-시사뉴스,13100,6111833,477
UCdp4_yTBhQmB8E339Lafzow,조선일보,1650000,1573081590,21474
UCsU-I-vHLiaMfV_ceaYz5rQ,JTBC News,4380000,13071288015,238249
UCsJ6RuBiTVWRX156FVbeaGg,슈카월드,3530000,1302422309,1921
UCF4Wxdo3inmxP-Y59wXDsFw,MBCNEWS,5450000,21156485598,303048
UCMEbRpvuwTbXxGiyDb1mT8w,비디오머그 - VIDEOMUG,1690000,2567186324,10341
UCZCH_GHFMsFO2hso59kwXHQ,JTV ON,231000,103475508,19495
UChlgI3UHCOnwUGzWzbJ3H5w, YTN,4910000,15965911079,844566
UCl_YDj8DFZSqESwDmmsHrqw,어준이뉴스,55200,40521769,834
UC2kfCD9MO14zLm8eBvKMQ6A,국뽕차,53900,30636300,64
UCv2Gz9h1_IAdP8sz6CKhcJw,뉴스퍼즐,46100,20362204,647
UCafdaMoUgftag08nDFd6X1A,강호의발바닥TV,429000,238086820,1120
UCfq4V1DAuaojnr2ryvWNysw,채널A News,3020000,5320415322,124306
UCYUGo6ZfQZCTMrK9rMDijNQ,뉴스토마토,773000,336383179,37138
UCVcLszfUBN9rTmc0A0uDRSQ,KBC 뉴스,367000,314315057,20675
UCTTmtS2ljy1vyl_s-d_LEHQ,MBC 라디오 시사,1620000,1644419592,24263
UCTHCOPwqNfZ0uiKOvFyhGwg,연합뉴스TV,1860000,2893857175,588101
UCOqCunaF9qVN8bXwsK0HT3g,펜앤드마이크TV,1690000,513261715,3475
UC_JJ_NhRqPKcIOj5Ko3W_3w,오선의 미국 증시 라이브,542000,80530502,636
UC8SZ88GQa9XWwZxLNibO3ug,배승희 변호사,1560000,194318523,1546
UCnCoNakaNMyF65wxJGZpLvg,공감썰,47900,38859854,256
UCG9aFJTZ-lMCHAiO1KJsirg,MBN News,2370000,2976309649,212802
UClAfLVQYZSLrMAQQ_SXPVZw,오마이TV,2360000,2655860013,51303
UCeFUGS2VCOb6DO3BiUgvwNA,뉴스타파 Newstapa,1580000,533655166,5144
UCaVuYo_tiiNzTSmlnM-A2kQ,시사IN(시사인),568000,137607969,2778
UCkinYTS9IHqOEwR1Sze2JTw,SBS 뉴스,4750000,13870105578,274724
UCRofX42ugIM1JKnCjfXm9LA,채널A 김진의 돌직구쇼,832000,474111630,18263
UCu0b6ODtYia0snp9JE4UUDw,세상만사,419000,510858056,1295
UCMYhq9OyGI5UEz_NTAoHY7A,[팟빵] 매불쇼,2340000,1426245493,2657
UC-hc6yLEjk5C5gMTJKFGlPw,정치 읽어주는 여자,453000,443751077,1516
UCIIpmDPVk7nzNHEUSHmvkUg,채널A 뉴스TOP10,1340000,1448969934,28278
UCn8WFi6pE4cJZP8MiUNGFxg,KTV NEWS,122000,39490356,17526
UCHBvfByzuzamrZiL398jopQ,뉴스1TV,833000,875071843,12995
UCREjdu30qQ0Mfrbz9t-gt9A,TBC뉴스,91300,47946582,8573
UCQabORQKQRHP-iUqe-xIFvg,스브스뉴스 SUBUSUNEWS,1180000,1687404715,6232
UC4y2Jx26qCb7CrSt_i5bf1A,열린공감TV,1030000,242689391,2016
UCoi_zlMq24LQ8jTukKXuaeg,실버 에디션 Silver Edition,56200,17064804,1370
UC4Aa3OPkMenwTANpf0oWVRQ,CBS 김현정의 뉴스쇼,1540000,1152480736,18082
UCcQTRi69dsVYHN3exePtZ1A,KBS News,3220000,8583167293,362123
UCOOEM6HSv1elhSe8r4hLxeg,띨띨이 당,31600,17769264,685
UC1ifSsWUG241rRfK0ezYCgA,KNN NEWS,822000,2035859367,98459
UCq7af5lj-gUy1qeN9DlNI9g,뉴스핌TV,248000,58170478,12173
UCgeOlLcX6PReHdWImEnUVTg,스픽스,1320000,1091038786,18029
UCTeEnzHDhsZg5JlU_Pu49yA,멍뭉치,67600,83622133,392
UCprAWqDCXiZWdr4wquBnV3A,해라언니(hera_unni),43400,20385503,291
UCWy5ZJoLkHZswfPCbsUGwCw,닛몰캐쉬,488000,496047361,540
UCAHn4We67Rz6OpvUaXd_zTw,폭싹 삭았수다,10200,2786322,19
UC3QsCXXj8b3uu9Elki3TE3A,존이냐박이냐,319000,55212421,124
UCcDw7g8A5y40i3N9rFznM4A,Azom Bro10,43900,25572016,90
UCNYE6N9YZmsUyReBLzE9x9Q,이상한 과자가게  weird sweets shop,1340000,2994689562,1062
UCpE5SNlejhFbiYs_Cw3iFcg,1분개츄,68800,5134043,19
UC94h7g4jTw_Lb64aDECGBpw,럭키보이,577000,682714837,512
UCymq7EadSjPqkKkwkSSWSfw,de elisa,89400,33874149,60
UCAGqohta3jr5n66qdyEaDjA,쇼라링 showraring,91400,12943277,146
UCEUSANZNPXY1JsBoqhQIgxQ,독고독채널,614000,666371321,522
UCv_sFVU1HpziR6F-Jw_ZR3Q,정보부자 ,54100,35976398,416
UCEc4c4tz8HnW7N_LktwZE5w,세상에서 가장 가치있는 1분,214000,397232343,1034
UClrOEuBPOU5Gg60dJ_49M-g,푸디젠 Foodie Jen,353000,106799468,135
UCskfAONPi8_Jl6HWdSyz03g,지식창,189000,593508099,167
UCckPFEWk26ZhM26hnzEcm7g,공간 탐닉 Space Tamnik,91700,47020411,194
UCbANtnwwesH7ACedhECj00w,재공품,20100,29015723,43
UCNsdklXSx_VeLmnsUGPS-7w,뉴지식,131000,54546963,380
UCURnLWTrLZVv_KiVaeZakog,Jiwon 지원,363000,465357189,986
UC-T8S0Vs2lvVXSkQv2qUStw,1분요리왕 통키,329000,187853908,700
UCssBmrrBmfRkCLh1s_q6Dpw,지식99%,106000,42387371,384
UC16dMxoPddwLuWTr8HLgdzA,Pseudopilot,56200,29281694,287
UCYDyvqaGX6WxH77N04sj6mg,리쥬라이크 LIJULIKE,894000,574384787,514
UCC08gcNmPTgAafZLc1s8ixw,쇼숏,185000,224943492,647
UCFCtZJTuJhE18k8IXwmXTYQ,EBSDocumentary (EBS 다큐),4810000,5729314961,54320
UCkkWd02T76Zi5UcKRX0x3Bg,도장TV,652000,167182404,177
UCFzjsxlOqoJ-U5QJmGBlJ_g,김동희 세계관,424000,634905397,608
UCMJk6DikArkng5tS9G7fu_w,루이수에,1480000,910131969,82
UCs4oAFxhxxVhtW-_ApKtkLQ,하뉴,678000,622847267,286
UCK2YrOMgAbsAraGrWyyAvdw,헬마드 (헬스 건강 정보),313000,313554319,632
UCFVhfl8WEmLEuggkJzgQxIw,얌혜민,117000,48061287,81
UCniBqAPwwWIQLbYo4uK2RWg,토깽이네,1170000,1800792071,2402
UCxWjAGpAIc8tLIj8NIFNKkg,인천맛집 서울맛집 경기맛집,92000,174327682,592
UCN8KgL5XZ6ZsA5WGSdfJCkQ,빵별사,102000,24129800,73
UC1RFbOomJAyToadzv51HDYQ,썰왕,18600,10053852,78
UC46BbEkxhjIHUj6EJ_waw-g,띠미 ddimmi,1180000,791237449,1270
UC_IKIoeQoqOxqlKqg7ccVew,요서비 Yoseobii,291000,138981478,111
UCTrfqg_jf37pVetVuLBjZ0g,제로크림,503000,521223398,389
UCBlrDQmlXSUbt2dmwvuC54A,츄릅,162000,105289538,476
UCLqX6D0cDWGqMWToI4MZGDQ,원룸만들기,590000,397583706,818
UCm4q2-Z8HZkbi8YNSeTGz7A,Robot Work 4.0,164000,70281274,284
UCdRrS2QfGC2X1GPgCXZ4LDQ,호호리뷰,11500,8206792,261
UCI-jZERBWRX_fwOtFiLKhrA,니들이유머를알아?,79000,165846621,546
UC2xkO7XCiStWfR3fKbzkbqw,1분미만,2440000,1126183250,664
UCuBfgru2Gk0zbUZBTjrs2Dg,숏떡숏떡,49000,71520337,195
UCN5oT4zGJX-_H6pE5isAEeg,군림보,1440000,3027103280,5969
UC3W-3KDBTFAkJ7n4tLtAJaQ,태사기,19200,56128587,46
UCB9a8WTj8xN-Kg9t0x9Zr-g,살림연구소 오클,185000,111394471,548
UC1sltGDBxbZyiZySoUBu22A,낮에,367000,182195395,141
UCjbX3qRbYoMr3L2rqKSoT2Q,들썰들썰,23500,36564778,105
UCSSoNGE_wWB1nqbwJZ2DiMw,호영,210000,20057323,28
UCCDln2DxCvHo1ABZxsghc9w,홀로나나 NANA,200000,202024783,512
UCCAnXz6JLARzAGtP5UaTCbw,그래서 누군데?,98300,466410813,887
UCxd4gUYuA0MLHftlwdlqi_A,무쓸모,172000,286803587,571
UC5go3M18NfuBdTz2OI8UnFw,짤감자,179000,604759263,444
UCB-GdzqBv4GpQCuegU-WcHw,통화갤러리,10400,13099021,93
UCmZwiqmqnqDO1o7YbNFQOpQ,훗숏,26200,168092796,289
UCUv49wilbcQFSfLZggowcrg,"스폰지, 스마트한 핸드폰 지식채널",14100,9647098,148
UC6Qi6gcKP9VOHrIcFLtISmQ,뭐랭하맨,335000,448988520,737
UC2qAn3aWRcrr2ocjv917VOQ,ROX 록스,567000,268886543,968
UCSPE9JtB4BoNc5mXFEEnAEA,흐헹,139000,181624298,1288
UCPjUYZZ5cpqyOCGYpXJ9cAA,감동TV,123000,236652395,286
UC2PT1efaWwc_d4tKo8PXTYw,꽃피는 말년,45200,21020881,126
UCtXUm3ABtdm_oK2LZ-Xcnhw,민티저,224000,40531455,267
UChWRwAm06NNd5hROpKpvtSg,백화점,28300,3214309,25
UCeRd-DxiPTYI_1poVOIIfwg,Renan Carneiro,506000,266785412,218
UCdUcjkyZtf-1WJyPPiETF1g,ITSub잇섭,2660000,1244132216,1351
UC_0oo0GPlDUU88ubLDnJkSQ,UNDERkg,792000,530689457,2775
UCFX6adXoyQKxft933NB3rmA,테크몽 Techmong,868000,184096784,642
UCWELVAfgzwhHVkQGdlcuIwg,티노,225000,234025554,1282
UCwu7EZ6WFgVvq8GafWH-2rA,ModernToRetro,20300,11234711,198
UC9MqlzNSrAqRidfDk8wtj8g,Tuan CT,2040000,1681634216,521
UCiTGSmGgJtKTcjEvDk_zRhw,귀곰,993000,184840918,300
UCErldB7f72OcuQZygMWmGaA,키키와,137000,103705031,314
UCMYJw-gH6-_LNQzhqfYgDbg,뻘짓연구소,458000,180353970,683
UCNLSz7up0jz7UrcIDFchIow,Polonez Garage ,22800,12578960,351
UCS4Fo217cSqGNTgOhi1IVIA,지식공장장의 지식공장,42600,5273104,140
UCJiv3w22pf4Cgpwxo70MbhQ,눈쟁이,800000,416462403,2657
UCY9-fwRmV8XFqbY-npsHB3A,오너스 OWNOS,182000,38271218,270
UCSPMRoAphbObUYeDaX367Fg,에스오디 SOD,746000,216964160,1182
UCJDEss5wA1ddrCBC40giO8A,형독방송,725000,947313486,3164
UChevSvAw-DEATKQz49uYyJw,홀로운동-운동 혼자하지말고 같이하자,136000,202880650,668
UCeLDOIysrYk7uBH6llaZDiQ,주군 Joogoon,35300,49040483,866
UCoxT1kQSLq564FwpK473w-g,크랩 KLAB,696000,739698391,2895
UCJKZoVf3RIMfFffjdseqdEg,디에디트 THE EDIT,524000,186075937,1078
UCh6nQQ4yDFv_JgENXKCJk-Q,Bass Super Test,940000,939466187,648
UCljfTkPD_A3HD22TqG32WFw,3D Animation Blender,228000,161603315,189
UCp94pzrtA5wPyZazbDq0CXA,긱블 Geekble,1200000,692805919,901
UCeN2YeJcBCRJoXgzF_OU3qw,안될공학 - IT 테크 신기술,347000,46473471,733
