channelId,channelTitle,subscriberCount,viewCount,videoCount
UCm43qB4VP47Er31Egu6CTxg,예능국장님,52800,162071316,573
UCjuETo87rYkh1OYfq8mUeIA,크크랜드,11400,31069652,422
UC3dOqtgCdsS2tFKIUNsJDxw,드라마잼,15400,74573968,158
UCBgyZyzwlIuOE4E5NNTRNfw,스윗무비,45200,223866481,346
UCY_QscYFA1H-6bgQe4ug51Q,1분팡,17800,88677328,351
UCfn4ZZuQHGkNg8PZtNNRIIg,예능내컷,91700,343857876,494
UCakQRoujZx77RGGbi_27g6A,90년대생,11700,31714680,88
UCvtEf7lPZc2ApkWED0m_MsA,심슨극장,39800,100363783,295
UCMMx5jGFIQn8UNBg8sGvpmQ,드라마 핫쇼츠,282000,537094248,1731
UCBhoEq4U6LXjWd-yUz7zOPg,나의명언은,10600,15984521,155
UCeyxZxlt6mN_1_LZd0m7XOw,이야기술사,75900,171644581,645
UCKNdfTZCJuOQfWN5Pe5UAAQ,빨강도깨비,895000,471408539,651
UCBv5IeJ8VmtKZ_o3z5t9_HA,고구바,57900,74947961,420
UCwPdMoWKa03noYwjEQF_E5g,무비팍,50900,211106243,571
UC3R4lXnRYJqSMMUFbU9PrkQ,숏팅스타 ,156000,1320626875,879
UClVUrrc1TqZpEkFxJXlYQAw,용산,12600,14744751,46
UCC38K-xXW3mAdm-EKNIWc4g,마드필름 Ma:de film,14500,26774389,98
UCxwbkSqhPiWdH3KkWFXG1UQ,easymag,12700,44350575,201
UCBwwsye4U1YkrQyznncUkhA,씬무비,12900,51153252,90
UCz58yrNG8TP1HIm1NlB5z6Q,ROTEIRO ABERTO,71000,19664655,500
UCbYNi5gs7R3MjXpPAw8lpcg,슴슴도치,24800,168989313,154
UCudU-KmGaP-4QFPtBpRuCIQ,킥킥쇼츠,31600,38325132,78
UC_Aly3X5CdojHdRDGmKi1ow,엔스Ens,500000,308374006,557
UCAVFRIdu3yhXROEdeUOzVCw,멜로컷,27300,46165052,77
UCejeuL7B6s8UpsNaYWWzeEQ,미남재형,688000,805230732,310
UCLvk7dfQZRLieDesCF232sg,시간 훅 가는 쇼츠,91200,495343487,330
UC_mweXsc6I3PC7ckCSMe3Xw,흑태양짱구,12900,23636205,77
UC8pqfCpRwtOeVG3lfvlkb9w,1분예능모음zip,603000,2189703743,1897
UC6woCAHfQvaEcsVGydmG1tQ,짧을숏,218000,524690235,883
UC8BnU7nHUeQ3S1EGuSLl-qA,인간빌런,12900,8907894,30
UCtpDRkcbDWigQ3VhTCv0Xjw,플레이시네마 -1분 명장면,14800,38512488,183
UCjBZKi-coSFgQGnr3gzyoHQ,클래스S,16200,44556334,248
UCg4HN76xqWBPQCSzxPEj5-Q,탁히,10500,33569685,72
UCQTqKcCkodd7tiRrAzlqo-A,폭스토리,78100,147060082,145
UC_cYSffBupk_VwjPmmhLjCw,웃어요,34600,80846127,223
UCc73UrF2glN2L4ycZJWCLkg,예능chill번지,108000,54217739,318
UCmlzLklGeKTkmy112ILwAwQ,뭐볼거없나,142000,713463644,396
UCWwK-ls7Cr4g_ctG15seTeQ,그거참재밌었지,121000,4366255,42
UCKQNDrIaRCPAwFEoZQAt73g,예능보따리,318000,19148062,329
UCPrErKfV-Y9BNYhli1b7ACw,코미디엑기스,11600,22139513,69
UCQxgH6bT9P3bOVRwXgEHyjA,ยุทธ จ๋า ชาแนล,11500,4197205,133
UCIAgiD61TiS3TVLk7fBrehQ,너의 과거,60400,45497616,198
UCQneAQzVX0H6XMc7ElhlFDQ,G명언,19400,70021637,124
UCF24NMvY6K0wUUaRR2jscQA,일분일초,368000,1274577606,1133
UCJN09npM6f8THcvpiiqlubw,쇼츠빅리그,29300,70491661,82
UCZPr7AOucG3JRPfmACqWbrw,연예 팬클립,19200,95103330,138
UCnsRFSp9BfN3lcEaKk2CLpA,애니볼래?,11300,15424598,32
UCc0pppYjqAOVmfGXMIROppw,영철tv(yeongcheol),38600,14594264,105
UCw_-4vndea_ySgEIc7dTvdg,쇼츠펀,65400,156389808,799
UCcWXeluvExN8-eo_5KFfyjw,버미쌤,867000,297976806,455
UCkJ8rQnTnJrWPVnbu0hsyBw,유머탐험대,15200,9493076,70
UCW2hKXklYTXK7upjzcNLjyA,Pak Dito,15300,10234737,293
UCeW--_lfExAL803_daBiFVg,Mr D Woodworking,52600,17139064,56
UCkM0LRI4Wi8nihg-IttEYHQ,자전거 읽어주는 남자,244000,122728809,397
UCRKsLECGa4TEep-KhDL6dYQ,Krish Desai,43300,48087139,61
UCelaR6G8YdgdCDcRV7i8x3Q,S9MOTORS 에스나인모터스,15600,9932013,748
UC35F9WnUgEoY_Pd2jOy5Ktg,알룔료,10200,3571454,3
UC3pCBRbdO8lDFRJw9GtNL4w,K-자동차,13800,62825870,509
UCT1kwFpz5p1zI5DYNZtoxJQ,썰플,23300,85221571,242
UCTg6xvzr4uc8-oZXLcd2zAw,삶은라이프,108000,112980645,364
UC6lYdrYnNC1hD4T089AGTKg,노라준카,42800,55961790,333
UCU-ltMMSmo03bQEx76C-zZw,Truckershaderoom,40200,45472284,1304
UCUj6rrhMTR9pipbAWBAMvUQ,침착맨,2770000,3276269749,7558
UC-Soj8cT2IuLefpPffFugVQ,유휘,79600,181219654,726
UCGyA4MkaU2STMEKF78mZRug,ATS TREINAMENTOS,29300,29630853,110
UCRcFdEQDfe5d-wutz3yJPEQ,배꼽유머,81900,128868929,436
UCPMU3PoR_NRcCxu0X3Liiiw,야우냐?,410000,1328249694,1291
UCq2vJ43ZiuL0Sd-scrw6Ezw,그의 인생은,14300,75307388,152
UC1Sv4uLAUpPJPmnUXIESR4A,mazen wehbe,61400,60630255,531
UCxGHa_vdppJNVLmQShNVnrA,Bliss Bits,1070000,937690688,1098
UC3khiHr1souRBk8uXV2UVDQ,차의세계,15500,46365593,268
UC-JrY3OsVEKmi3qgSVZ1r8A,지식봄,13400,9431011,23
UCXmYEJeTYVRXtLLUaoY01IA,유머스낵 쇼츠,381000,1335481362,1055
UCXPOR4gQVDrGXPf3_JEmcRw,방구석지구촌,460000,1107821630,571
UCCvK3BFTnMc_sg4jcKIGKlw,MMK GEAR / 폴황,124000,153711363,5300
UCXTQWsvCnuKxqnbBFMYhrSA,별놈들,1300000,913767263,1500
UCCEQiGTXVdTXleZaHvePm7Q,IT’S  ME VARUN 2.0M,22400,13226057,685
UCH5U89kvHrVxxS80xpoOydw,한문철 TV,1780000,2757405488,27740
UCvJnb0ty7RpquJKouRBeEzQ,픽플러스,738000,902197266,1120
UCAnu8zuqomikJ58d6MsW_kw,김누킴,66900,86337131,483
UC3-9Ul8LOKJzQMdo1nFb_sQ,강석주,37400,331930940,367
UCHuLV8eMXQcC12X5REeMQlA,Watchawit,186000,172471989,273
UCDyb7hB6TwGxP25o9hGCqwA,유머스낵,431000,888926068,881
UCxqMVa2tT-1NaOa2n0mpNTQ,리틀포크맨,50600,96444078,907
UC2CVk5F3Uyl6LKU9p8CNRnA,Handy Space,1060000,894483612,501
UCqnbAnSDiLYynzME9lgNvfg,남탕,25000,30856796,14
UCONmx25iw0zaJcFg9ZHY1mQ,다 잇다,25600,12527778,457
UC9nFMAQcn0bqIrEV9vUdU1g,사나이 김기훈,1110000,871452118,998
UCC9BJCo0Eh19hg2ulED0Hwg,짤의민족,220000,362138830,251
UCM7lS3kI_xnDCdWndUybZRA,남자마켓,34000,12194053,76
UCX3KEmJd6CXRNH6YVa9AoOQ,JASON MEDIA,525000,1830966244,1577
UCZ0a2TA-EzL_1KJ2vWx2cNw,김툰,20600,40900944,354
UCK4tU5I6ohnHeq_8rbE1wWA,Sukhbir Skill,1830000,937966800,354
UCPbxBhcZMq8NMq0EuXxGuAQ,중고차파괴자,617000,364921415,451
UCLgIpbxquWUnIFvWLb9v1MA,짤타쿠,10800,50393904,112
UCrMcLCFW9en-qEQayUrs0Bw,행복한 인생 길잡이,31900,87914748,237
UCX6OQ3DkcsbYNE6H8uQQuVA,MrBeast,375000000,75534569244,854
UCB2y4U9UpRd4Y2Lmow-Hzzg,HRS POWER,17800,3120587,170
UCJ5kSjbFvKzRjyoK156j-UQ,면류관,50600,123490946,261
UC3IZKseVpdzPSBaWxBxundA,HYBE LABELS,76700000,38452965087,2354
UCtA4muF8jjTxjvC9TIeqAMA,LEE CHANGSUB - Topic,15100,123253556,81
UCaO6TYtlC8U5ttz62hTrZgg,JYP Entertainment,30400000,24192058387,2328
UCwZQh9xaDypKdmUafh1JaVQ,Release - Topic,3,55423,2
UCfCiP0obFQZOB6fJqN-eF8A,KiiiKiii - Topic,5190,5539865,2
UC9oomNHPNLrh819sxCgcYTA,10CM - Topic,9930,718670623,222
UCIwE33gDkznkuot-fU-WcOg,BOYNEXTDOOR - Topic,10200,135445038,41
UC9HhDGbto7PIQP8ZFmKESkg,OVAN - Topic,13000,216711625,125
UCRfVrZpe3TA-LB4rutWAtkg,G-DRAGON - Topic,235000,597555782,210
UChLNWcjgBfZ9RPnzR5LM1mQ,j-hope - Topic,1890000,182297470,53
UC_qHgUYj1AD49hrAdRw1eGg,YEJI - Topic,14800,1887689,8
UCjglaxl4u4x1hG9vA0OZL2Q,Choi Yu Ree - Topic,28900,307550860,109
UCod5V2dpnpJLklGvVOv5FcQ,STAYC,1770000,1323923904,1547
UCvAUJvMNPy1LLVKpFiu-X9w,SEULGI - Topic,59700,87256245,39
UCx45MLSBioJvR5CAL786nTA,Onestar - Topic,14200,229747388,110
UCAl7xQ6q0PEgZMQD7zr4AKQ,JENNIE - Topic,679000,417138022,50
UCkN6oIPrS-ovf5AU9BD7KCg,OGAM Entertainment,184000,152265434,6378
UCC3Hg75KxQk4VTrBSphEbGw,Hearts2Hearts - Topic,8300,9032721,4
UCwZMmIVr07VLAfNcuqg9LZA,다비치 DAVICHI,272000,625795785,177
UCGKXb1syicud01CJOOFRykg,Lady Gaga - Topic,144000,3794445042,2573
UC-clMkTZa7k-FxmNgMjoCgQ,LE SSERAFIM - Topic,35400,1389025207,146
UC4UnP3v-iaFaLdtKwp84Pmw,이찬원,402000,493217607,236
UCk-JTg4sjiascKX6ZM2-DEA,DisneyMusicKoreaVEVO,253000,277395526,162
UCtvuQvvX9lFut_K8OdIn6qg,Dogophile -pet parent ,12600,7221889,42
UCWcYeZzQYcJXWragaTfZzfQ,고슬홍차세상,11800,5137353,178
UCE1H4sQdFeFRbuOFcliky0A,버디 buddy_beast,15600,8614489,20
UCaQEpOgPoBizJihfJ7CW6og,애니멀숏츠,19800,14060629,95
UCRWxH4fGhuNsh0klWnDbt0w,언더월드 UNDER WORLD,1220000,905381791,383
UC4MTOz8ZeRjT4ksmRA7Q_4Q,유니랜드,129000,309766828,508
UCBxaSof3Z3bYHoKrjqxpeEg,힐링포옹,10800,2067967,45
UC3DRoU5E0CZMljHpouRAzgQ,Mystic Chronicles,368000,120033863,195
UChBRTHSyiah6poSscWqptBg,숏여우,86300,251956146,233
UCH7ZmSDIcuWXErEPN-MJyqg,타임쇼츠,24300,30432458,189
UCQbN3pcS7LAYfNvzdjQTE1g,호기심탐구소,134000,232169378,303
UCkkQrCGwsC_1LWRcUz81ZyA,상냥스럽개,68100,60969984,113
UCyRoynZRY026vew0Ix41bhw,리뷰띠,519000,863308856,463
UCr4CatqympoNVEzGirUSgfg,톡톡 동물 지식,423000,998194479,1306
UCGEsS4iwOkog6ooCEzjuGiA,협박남,153000,29485818,46
UCX7dAdIiSo1DmW8wi0xDM4w,우린만났다,24800,47656602,124
UCHSngYqwXWEgBU6z9pQAj0w,숏숏,307000,27704259,189
UC5ZqaJ9klJrwgsKjYW42JtA,원샷한솔OneshotHansol,1350000,1268634024,815
UCkcG0D2Y_pCg8NL0d4mjgBA,오늘크큭,42400,33209029,140
UCh9Hs6LCnksZbSs2SqSdfqg,철멍뭉,636000,406752081,408
UClbAxnNKc3Gv5EQ_JthkRVg,보설콩사뿌 [묘생동화],15800,22047800,238
UC9vhGW-jojAGUMz-wLJGhfQ,냥땅,47300,74877964,579
UCNZQH5gqyNf0gm8DkTRfkLA,동물타임,266000,470888571,560
UCVUmyQPMt-RJ1ufBoTj9dNQ,꽃개냥,93000,209947817,182
UCxRGLdDUodBiMSpOmtJy6IA,레드토픽,13000,38320730,179
UCsVfO5C0JAJ4dhVkpDkpbOA,dog-cute- animals,1610000,653756025,67
UCrkKaDi20-NRZVi65uIue3A,뉴건,13500,85025600,280
UCq4cFWNFpswWDy1k0b761SQ,아조아,121000,132387196,135
UCQ4WV9W1EGKdi8_n9Il_nxQ,떡한입,41400,33115887,136
UCryBzYxIiepEpecRkNFxJtA,상식에 미치다,74200,18263412,321
UCPMU3PoR_NRcCxu0X3Liiiw,야우냐?,410000,1328249694,1291
UC7M-XR1tMJC_9X5wlfJv_Jw,감동물,319000,812809136,494
UCljjJVPQam6IaerEz2Mr5NA,아이앤지식,124000,728821305,403
UCoSB5ln1nHUWO-GV0XI_Plw,전숏대,116000,113585120,172
UCJ5pGJy66H5cMJqatOm96pg,1분토커,43600,62126511,488
UCH4ydkR_Farj84SLeE4uRgg,감동꾸러미,157000,135925846,396
UCF1Rpn0RGyQ3sceOurMBqPA,Kitty Cats,224000,135573962,479
UCy_zPS1AbALUOqLvKEdnXzw,뭐보냐곰,146000,194192127,336
UCBkyj16n2snkRg1BAzpovXQ,우왁굳,1740000,2233403301,8220
UCS-uWd5JJWTDByy1OsLpEVA,포테이또,109000,143299812,433
UCotLo864MJbCfkzQaHquH7A,여행철학,40000,57967509,609
UCvXADObgwwtDCsnONOQebmg,후다닥,154000,105570907,169
UCYRvrl_DaSENSF5xQ_RlvXA,감동먹자,104000,51831598,268
UCwougW8eZ2hpyEn_c5oh6tA,꿀잼츄러스,23200,76036005,111
UCRTwx67LEjux_k1NzpxYpWQ,으냥냥,11700,18835833,99
UC5OnSWjlnY-FTmw62e1ByHg,Animals Lovers🫶,396000,186399090,654
UCSpABJM4eERzyY4nfOFt0Ew,유머꾼,12500,60618257,85
UC7bitSTkUiDO6b5CSZ-2lDA,Untold Stories,611000,282296969,384
UCV4dbNA-Wi-uAPHM5somg8A,우우걸 oohoohgirl,10800,8283704,48
UCt4PBS3VQaMiQVUIu2LvM6w,힐링농장,143000,239177885,344
UCJ5kSjbFvKzRjyoK156j-UQ,면류관,50600,123490946,261
UCIWIOJnn9wd3-K5yv5rJGKw,소몰이꾼,24900,72732996,77
UCabmTI9xy7V_G-rPocixuww,김판다,184000,473304604,101
UCUjUU-lu2F6NjMxm3Qxvm-Q,펀 팩토리,49300,184781837,246
UCl402YYy7RcH7PBI3npmGPQ,두치와뿌꾸,855000,2115184035,18266
UCv3CTPm72dPQH6yzyLn-pHg,나루월드,62400,45701290,190
UCUWdVHFdoyHCTDcQ4Gte_KQ,국뽕의민족,52400,51329450,80
UCnCaseYX9H5bPzCNuB_9qJw,피식킴,19500,50102698,152
UC2qjHK7wWxzb8mF9lgf7uXQ,NICKY니키,786000,435222876,897
UCvY890vUaIMJ68eOpqvmAAA,레전사커,80700,386120594,1264
UCDsjR0rrz38EKkbZ-cRbmxA,숏스커버리,197000,323240522,881
UCdIPB_KHGcX9Yif-uR6S0eA,스포쇼츠,23000,93821795,307
UCLvk7dfQZRLieDesCF232sg,시간 훅 가는 쇼츠,91200,495343487,330
UCYuXe8y4Hsz1-flloFBJt5Q,도블락 GK Doblock,189000,335831737,2171
UCWOJBPAhe2W0BqL2NO2EGnQ,핫뉴스,98500,164568445,718
UCLChexBTEyyWwTAkbPymNNg,진짜 잠깐만,293000,1178338087,1282
UComRG16hBlKYyOVtXk24TIQ,잇슈왕,46500,162063909,551
UCDyb7hB6TwGxP25o9hGCqwA,유머스낵,431000,888926068,881
UCpBpsIYfgEe2s-zazZ643xw,모르면개손해,299000,1244798624,1349
UCrF4HldLotehw991JTsqXhw,들었어?,181000,453767315,1058
UCR0CcFKPsu1sJxFfzeRn4gw,골프연구소,29300,27115963,121
UCWcRUyd0ViHhBiKggAApaCg,격투맨쉽,38800,110477311,388
UCrL6XKKPwKTCxbnQUaAHt0A,몬스타즈,30200,50707684,137
UC9opVvdYqxrwjYq1i1626SA,짧은근황,66900,51482393,94
UCASQisZAfo4_R53nbuK_n7A,쇼츠탐구영역,26600,62783164,259
UCSin3OGjCdsCcop7AsB6NXA,축구어때,111000,316474197,773
UCK7oCnJ5eQhuXrvL2ihrbdQ,핫이슈TV,350000,420683977,1660
UCeN2yQGeeJnOjJn0icZlX2Q,TV유단잔가,170000,203108014,388
UCx2K1jzcWJs66G1WZheLjmg,알쓸야구,31300,256328998,577
UCX3KEmJd6CXRNH6YVa9AoOQ,JASON MEDIA,525000,1830966244,1577
UCjfSLIdqrH7F9Q-pHGL8Y8g,썰팔이카사노,12800,49477175,101
UCJN09npM6f8THcvpiiqlubw,쇼츠빅리그,29300,70491661,82
UCq2vJ43ZiuL0Sd-scrw6Ezw,그의 인생은,14300,75307388,152
UCnXNukjRxXGD8aeZGRV-lYg,스포타임,890000,1729177220,15806
UCqAu9ziq7iUGZHmiqQqbgyg,라커룸이야기,12100,45305299,222
UCXR22tiec8MfTlUp4JXOzNg,SPORTYMEDIA,113000,312606812,578
UCw_-4vndea_ySgEIc7dTvdg,쇼츠펀,65400,156389808,799
UCy6X4RYTjGnrQQpwC6xQG9g,대박s쇼츠,148000,242295268,525
UCknx4XQhA-b97lPxVgNYBng,이슈붕,45500,138015326,219
UCGqxMPGA56vREDntiTsMSHA,숏충이,40300,78375030,403
UCuEpHb8hXkV-qXBp1uBC2pA,아이쇼스피드 백과사전,251000,564553943,398
UC5JiEeJKIVPwQl3xEA0nAyg,잇다,191000,522849113,1001
UCS56YF1dyARgFH1cajjqFXw,금바페,13100,61540933,378
UCClLLvoBJN2mpeSnx6-Danw,스포츠야미 SportsYummy,31200,71246778,218
UCvoc6OybPdeLzbX_Vn3_SxQ,참선생,92900,155192232,52
UCB3HOiLl9RSOosOOx82umuw,골때녀_골프공때리는녀석,11400,40906736,99
UC2l9YjSo16aT2DGX8XRIM_w,Funny Sports Studio,79500,161415434,408
UC270ueFEsQ21S26TYI_9yVA,야신야덕,292000,507856187,1527
UCrLPLhgox9bPoy2JIvUEB0g,싸커스토리 (후반전),29000,103212245,186
UCEb5K4qcbxbEag-6PQi2jHg,연순궁,79600,95912593,648
UCyoSQyaCrZHro6F_nBiXIYg,클리드,247000,85358458,283
UCHHRRcn1zdzcfFJWyz3_V3g,크쀠,41800,8055076,430
UCunQJrd9yphZEH0Etwjnabw,스맵,171000,49842175,496
UCUbOogiD-4PKDqaJfSOTC0g,테스터훈 TesterHoon,1410000,1734544401,4534
UC4P7F8qenDo1O_5NvgBb_cg,발스타홍구,434000,482621050,1395
UCRkC1NIdV0ttireYczHPLbQ,평학,146000,7034885,72
UCRlaFFgUHAcc_Oce_GgAQmg,모찌엘,236000,41765175,247
UCOTJtP0Z9DjpPU43B5m1V6A,[ALTUBE] 김성현TV,861000,1243595125,4582
UC1dG3vI9FfHnH3YgyeKUz_A,저라뎃 JUSTLIKETHAT,711000,893934168,3753
UCt15X5eHLwyP8PpNtQTkuDQ,Official dopa,754000,433237857,1472
UC1q4Ihlv_YhLELw-ijE0Diw,마플 마인크래프트 채널,745000,1745930326,3284
UCw1DsweY9b2AKGjV4kGJP1A,LCK,1490000,1967596395,10608
UCBA9XaL5wCdHnC5EmEzwrqw,튜브김민교,727000,627201515,1715
UCBkyj16n2snkRg1BAzpovXQ,우왁굳,1740000,2233403301,8220
UCl4nBkmJCDs6RR8uWldAqLA,텔론,1070000,1358517269,5331
UCgjaQlejpAnIu0q-xtVfTEw,밍모,1000000,806999752,3484
UCnMhzw7xYMl6LJpM0au6vqw,김된모,425000,281324777,1176
UCEu_YKdz0lMz1NkB3vlUyyw,승상싱,546000,265266833,198
UCcXUxxDN7yjNsaDqC2J6jQA,개신사,113000,43197620,604
UCZRH94I89Ps7giJYeK6DlWA,버니버니,402000,270081305,1334
UCb5NLtXAsTBrmaZVhyFa-Wg,글자네,568000,591400314,2645
UC-okJdotaXPlzivRzHFqzuA,인피쉰,576000,794355127,5712
UCUR5w0E-jQTOO8Q0FZ4ilYQ,팡이요,556000,624919119,5261
UCCoU5ViXgoK-_2neelNhQaA,꼬예유의 로블록스 저장소,30100,2288112,11
UCJpAwvQaZyCI5spAz7tipGA,PAKA,780000,759850977,983
UCDBAVzfX3yZ1hah0FHnOoaA,괴물쥐 유튜브,1190000,1522265168,1840
UCxRlvng0zVoyEBhutAuXfzQ,유봉훈,326000,296463619,1604
UCg7rkxrTnIhiHEpXY1ec9NA,잠뜰 TV,2310000,3987950764,4197
UCpnnUKmAQKgVinEV-lV-N2g,프뚜,155000,18625590,24
UCD8r5Jgns2V64-NcUmXclpg,전쓰트의 게임 채널 Junsst,608000,854754041,4179
UCNzcxCN_Hh_lu5RCSFXKgGQ,악동 김블루,2080000,3286884690,2982
UCVJT18d9wSCnDUdnJ9ycO7Q,동수칸TV,543000,639022231,5694
UCcgkgKhXT6QwdGj9Nr8PBcg,게임대장봉준,76500,29900192,315
UCl402YYy7RcH7PBI3npmGPQ,두치와뿌꾸,855000,2115184035,18266
UCo33r3SAf5z9MS-lrXV2aOQ,로빈,475000,586449043,2284
UCw-JzmPsjRcbzJLncr4pIIA,수탉,953000,642760744,1820
UCmcBe97VA2LqVEQUeeZl6Ew,팔차선 [8LJAYWALKING],364000,345276587,1942
UCe-7GwWL1XNlCJyfqBhgrHA,해보자시리즈,36700,4409838,84
UCEcuyrAqhRVUmRdOd6FGKSw,기리TV,1110000,1450936113,2991
UCw9fP0nSoUygLDmvV1GdAZw,레고77,262000,161326411,1311
UCAaLhok91QDrweyuDRsmjqQ,킴성태TV,977000,975062943,2399
UCig46B9QqbQPlt9nwyk4YtA,서도일,115000,32537245,415
UC-9v2ASxz8f313YpiMF55eg,김데데,232000,119356851,927
UC8rbhIem-3aAsNXhTDI-nSA,행돌,265000,201319635,1263
UC8CIM3d3zDYMk-3T5aAz0yw,혜안,2700000,1975051082,1677
UCfIUuMA7U_jImP7oWfTe4Pw,이상호,894000,629091222,2322
UCgT-gb3favw2jQgwxbbwwaA,잡상싱,297000,220354980,1477
UCpI-AhCT02iQRGLC2ZcY0Jw,영미터,255000,320833889,4874
UCBjPppB6FOLloYBUvgbqE_A,불도그,207000,102445043,1319
UCSgvQDek_7CQj08fu7kp1Iw,중년게이머 김실장,413000,171614130,564
UCm3SDarPtTOS_NjCh9d3TDQ,[하말넘많] heavytalker,676000,330257867,1112
UC6w43bdyvx21dHu9gfQjS2g,이웃집사장,232000,2059583,84
UConnM5zwOP9vG_LPTYbRsAg,Lâm Vlog,10600000,4184684037,689
UCv__cBuY9kyTWJje947ysFQ,나는아영 IamAhyoung,60600,22641452,454
UC7EgEOd6UKUHZHcvcb4ERsw,지새기의 인간극장,104000,16370420,137
UCpGmwseGcRtyG8GxRmozKPA,유네린LIN,319000,74014351,417
UCaS2hR-Nz2TnBhD68RQvDig,쏨따TV,13400,11457777,362
UCMDz2c1fx9jkK9aVENUCdUw,터틀이주미,253000,13683466,39
UCU1ECZb8wRxg6iVMBDfl3GA,연늘,70700,15325658,188
UCnz0ghEwEpUcFR-ESkfKXEg,투트랙,177000,16588412,979
UCuDUt0EtAygfXH3-LKPWzMw,우림이씨,73200,12222797,273
UCyJrhZm9KXrzRub3-wD2zWg,TheBrianMaps,18100000,4939974729,530
UCmbGE7Y2ov7pTBuUrkXgtTQ,할명수,1570000,495355624,861
UCd0pqkoWoVbxNH4N3dsetqA,장이나 Ena J,331000,68606438,336
UCX7JYcZIbRUxXaFMKDXLxtA,고나윤 Nayun Ko,115000,9218559,175
UCSfs2OeyOX0r5ZucDho8voQ,НИКОЛАЙ ПО-КОРЕЙСКИ,381000,143652819,857
UCDSj40X9FFUAnx1nv7gQhcA,월급쟁이부자들TV,1910000,617180424,3031
UCZB8FKm68UQPGWKebOel4Pw,수쩡민,315000,57509630,115
UCPrErKfV-Y9BNYhli1b7ACw,코미디엑기스,11600,22139513,69
UCm43qB4VP47Er31Egu6CTxg,예능국장님,52800,162071316,573
UCy6X4RYTjGnrQQpwC6xQG9g,대박s쇼츠,148000,242295268,525
UCmV0FwFQrNlNgxFKFu7MReg,Kdrama,15900,35400057,1409
UC6yEsiYQjnLve24g34lVa1w,낭만박상환,787000,2050030019,1237
UCKBuu5fcf-n8Ex45SRx5cwg,핵잼박스 - 1분 순삭,136000,366128231,537
UCF24NMvY6K0wUUaRR2jscQA,일분일초,368000,1274577606,1133
UCtfgw7QCPegh43N8clibnCA,치츄영업사원,57600,181663710,763
UCpBpsIYfgEe2s-zazZ643xw,모르면개손해,299000,1244798624,1349
UCJN09npM6f8THcvpiiqlubw,쇼츠빅리그,29300,70491661,82
UC_cYSffBupk_VwjPmmhLjCw,웃어요,34600,80846127,223
UC1IgtRvQKgQTStE4MGFafPA,숏! 무비중심,36800,72843183,171
UCjuETo87rYkh1OYfq8mUeIA,크크랜드,11400,31069652,422
UCVyQz2JomW33D2JGo6KAB9Q,드라마스토리,48100,229061686,400
UC6woCAHfQvaEcsVGydmG1tQ,짧을숏,218000,524690235,883
UC9sJx0j0AbtRQX55PTdsyJg,코밈 KOMEME,543000,864921487,712
UCKQNDrIaRCPAwFEoZQAt73g,예능보따리,318000,19148062,329
UCLvk7dfQZRLieDesCF232sg,시간 훅 가는 쇼츠,91200,495343487,330
UC8pqfCpRwtOeVG3lfvlkb9w,1분예능모음zip,603000,2189703743,1897
UCWJcyi-Rpll9CZ1MFS9OWwg,빵공장,24700,23711039,180
UCzucXSFjhZb10mqjXHXTo5Q,한살차이 [Hansal],1370000,2553235843,630
UCg8iq1rK87jJLpVc24iRypQ,썰푸집,72100,14273489,52
UCOOKj-kWvrsK8CDfHZTw9lw,Pixid,710000,395149222,376
UC3dOqtgCdsS2tFKIUNsJDxw,드라마잼,15400,74573968,158
UCfn4ZZuQHGkNg8PZtNNRIIg,예능내컷,91700,343857876,494
UCOHM2N1YQdb-cHWxJxwBMLQ,아는형님 Knowingbros,2490000,2059249326,5831
UCQneAQzVX0H6XMc7ElhlFDQ,G명언,19400,70021637,124
UCc73UrF2glN2L4ycZJWCLkg,예능chill번지,108000,54217739,318
UCmlzLklGeKTkmy112ILwAwQ,뭐볼거없나,142000,713463644,396
UCeFCPQuMsLsMoJ0EO1Xm7Kw,명언의 선율,144000,172696449,966
UCWwK-ls7Cr4g_ctG15seTeQ,그거참재밌었지,121000,4366255,42
UCMMx5jGFIQn8UNBg8sGvpmQ,드라마 핫쇼츠,282000,537094248,1731
UCh9ssfhbHbALUevPJ2I-pIQ,우도준,153000,53119874,282
UCz58yrNG8TP1HIm1NlB5z6Q,ROTEIRO ABERTO,71000,19664655,500
UCrxe-Msh2j6ICbfUaDJj81g,이슈카톡,289000,638077732,1918
UCBP9m4-77BpUCPX14sPaItw,우기유니,231000,103940578,107
UCtpDRkcbDWigQ3VhTCv0Xjw,플레이시네마 -1분 명장면,14800,38512488,183
UCw_-4vndea_ySgEIc7dTvdg,쇼츠펀,65400,156389808,799
UCZPr7AOucG3JRPfmACqWbrw,연예 팬클립,19200,95103330,138
UCejeuL7B6s8UpsNaYWWzeEQ,미남재형,688000,805230732,310
UCAVFRIdu3yhXROEdeUOzVCw,멜로컷,27300,46165052,77
UCc0pppYjqAOVmfGXMIROppw,영철tv(yeongcheol),38600,14594264,105
UC71TbR88ZOAsa8-JG3UD3pw,쇼츠타르트,495000,1219397623,1028
UCEllsk9BsIsvnBO3oYYb9JA,사나이주먹불끈,25400,35963738,80
UCQxgH6bT9P3bOVRwXgEHyjA,ยุทธ จ๋า ชาแนล,11500,4197205,133
UCC38K-xXW3mAdm-EKNIWc4g,마드필름 Ma:de film,14500,26774389,98
UCA78q21_ylajHgElLPg44MA,쇼츠공장,180000,563865858,522
UCikSO7mSQl-lx3BJOBzqA8w,짠한형 신동엽,1740000,352484203,318
UCudU-KmGaP-4QFPtBpRuCIQ,킥킥쇼츠,31600,38325132,78
UCBhoEq4U6LXjWd-yUz7zOPg,나의명언은,10600,15984521,155
UCLvk7dfQZRLieDesCF232sg,시간 훅 가는 쇼츠,91200,495343487,330
UCAMPl1v93Xem81K0ZETWg7Q,식빵티비,13100,84245248,130
UCw_osRh60_cWsVXEaROW0eA,짤PT,11200,37340641,102
UCIAgiD61TiS3TVLk7fBrehQ,너의 과거,60400,45497616,198
UCWwK-ls7Cr4g_ctG15seTeQ,그거참재밌었지,121000,4366255,42
UCC38K-xXW3mAdm-EKNIWc4g,마드필름 Ma:de film,14500,26774389,98
UCeEFqSLLlCXmtDunMzKw9DQ,뽀잉LoOks,48900,166720361,853
UCfn4ZZuQHGkNg8PZtNNRIIg,예능내컷,91700,343857876,494
UCudU-KmGaP-4QFPtBpRuCIQ,킥킥쇼츠,31600,38325132,78
UC8pqfCpRwtOeVG3lfvlkb9w,1분예능모음zip,603000,2189703743,1897
UCzucXSFjhZb10mqjXHXTo5Q,한살차이 [Hansal],1370000,2553235843,630
UCJN09npM6f8THcvpiiqlubw,쇼츠빅리그,29300,70491661,82
UCBgyZyzwlIuOE4E5NNTRNfw,스윗무비,45200,223866481,346
UC71TbR88ZOAsa8-JG3UD3pw,쇼츠타르트,495000,1219397623,1028
UCF24NMvY6K0wUUaRR2jscQA,일분일초,368000,1274577606,1133
UCs4wUolAHK6DONFmUBJIOHA,세아쌤Seah Ssam,1200000,2089611832,709
UCjuETo87rYkh1OYfq8mUeIA,크크랜드,11400,31069652,422
UC3dOqtgCdsS2tFKIUNsJDxw,드라마잼,15400,74573968,158
UCQneAQzVX0H6XMc7ElhlFDQ,G명언,19400,70021637,124
UCUaA7fRZVWUFrIeztZnWIsA,옥희덕희,32900,206452402,252
UCQTqKcCkodd7tiRrAzlqo-A,폭스토리,78100,147060082,145
UCKNdfTZCJuOQfWN5Pe5UAAQ,빨강도깨비,895000,471408539,651
UCZPr7AOucG3JRPfmACqWbrw,연예 팬클립,19200,95103330,138
UCAVFRIdu3yhXROEdeUOzVCw,멜로컷,27300,46165052,77
UCBwwsye4U1YkrQyznncUkhA,씬무비,12900,51153252,90
UCmlzLklGeKTkmy112ILwAwQ,뭐볼거없나,142000,713463644,396
UC94AtgHV117riLPuLFzGRAw,케이팝있쥬?,30500,196919540,347
UCeyxZxlt6mN_1_LZd0m7XOw,이야기술사,75900,171644581,645
UClVUrrc1TqZpEkFxJXlYQAw,용산,12600,14744751,46
UCejeuL7B6s8UpsNaYWWzeEQ,미남재형,688000,805230732,310
UCz58yrNG8TP1HIm1NlB5z6Q,ROTEIRO ABERTO,71000,19664655,500
UCtfgw7QCPegh43N8clibnCA,치츄영업사원,57600,181663710,763
UCTmrCBHyMN7lde4p-lTX9nQ,원더맨 WonderMan,989000,710978329,765
UC3R4lXnRYJqSMMUFbU9PrkQ,숏팅스타 ,156000,1320626875,879
UCg6N52snDwhatFhprYkVuOQ,네자매모먼트 [4sisters],215000,211637901,117
UCPrErKfV-Y9BNYhli1b7ACw,코미디엑기스,11600,22139513,69
UCxwbkSqhPiWdH3KkWFXG1UQ,easymag,12700,44350575,201
UCmV0FwFQrNlNgxFKFu7MReg,Kdrama,15900,35400057,1409
UCjBZKi-coSFgQGnr3gzyoHQ,클래스S,16200,44556334,248
UCw_-4vndea_ySgEIc7dTvdg,쇼츠펀,65400,156389808,799
UCbQfoR7-qOKsDQrRa5jt3Lg,출구없는 경수,11600,36393391,452
UCQxgH6bT9P3bOVRwXgEHyjA,ยุทธ จ๋า ชาแนล,11500,4197205,133
UC28ZaYb3rndARqhK03Y5tog,전핑콩,173000,248741295,234
UCBP9m4-77BpUCPX14sPaItw,우기유니,231000,103940578,107
UCMlHg5anGEDTbXC0hIVNzPw,K썩은물,187000,989833362,1003
UCBv5IeJ8VmtKZ_o3z5t9_HA,고구바,57900,74947961,420
UCKQNDrIaRCPAwFEoZQAt73g,예능보따리,318000,19148062,329
UCIqdzRXgsXoAEwl-FINmA0A,썰해적단,110000,95383045,235
UCWlV3Lz_55UaX4JsMj-z__Q,뉴스TVCHOSUN,2670000,3478355722,132206
UCRofX42ugIM1JKnCjfXm9LA,채널A 김진의 돌직구쇼,831000,474111630,18263
UCafdaMoUgftag08nDFd6X1A,강호의발바닥TV,428000,238086820,1119
UC3pQK8hrDpoa3j9n_p9dSrw,짧뉴(짧은뉴스),549000,790599181,4215
UCZCH_GHFMsFO2hso59kwXHQ,JTV ON,231000,103475508,19492
UCv2Gz9h1_IAdP8sz6CKhcJw,뉴스퍼즐,46100,20362204,647
UCcQTRi69dsVYHN3exePtZ1A,KBS News,3220000,8578448172,362077
UC6kZpTl39-_SqfBrF1-N2oQ,연합뉴스경제TV,747000,432147375,17918
UClAfLVQYZSLrMAQQ_SXPVZw,오마이TV,2360000,2655860013,51295
UChlgI3UHCOnwUGzWzbJ3H5w, YTN,4910000,15965911079,844488
UCu0b6ODtYia0snp9JE4UUDw,세상만사,419000,510858056,1295
UCuka4cOMWar3MM0WDtE9ehw,애국청년김태풍,136000,84280711,470
UCMYhq9OyGI5UEz_NTAoHY7A,[팟빵] 매불쇼,2340000,1426245493,2657
UCnCoNakaNMyF65wxJGZpLvg,공감썰,47700,38105229,255
UC2kfCD9MO14zLm8eBvKMQ6A,국뽕차,53700,30636300,64
UCIIpmDPVk7nzNHEUSHmvkUg,채널A 뉴스TOP10,1340000,1448969934,28277
UCMEbRpvuwTbXxGiyDb1mT8w,비디오머그 - VIDEOMUG,1690000,2567186324,10341
UCTHCOPwqNfZ0uiKOvFyhGwg,연합뉴스TV,1860000,2893857175,588023
UCsJ6RuBiTVWRX156FVbeaGg,슈카월드,3530000,1302422309,1921
UCgeOlLcX6PReHdWImEnUVTg,스픽스,1320000,1091038786,18028
UCbouR-45rChK6ou95zSlNxA,사이다 이슈-시사뉴스,13100,6111833,477
UCQabORQKQRHP-iUqe-xIFvg,스브스뉴스 SUBUSUNEWS,1180000,1687404715,6231
UC4y2Jx26qCb7CrSt_i5bf1A,열린공감TV,1030000,242546420,2016
UCsU-I-vHLiaMfV_ceaYz5rQ,JTBC News,4380000,13071288015,238221
UC-hc6yLEjk5C5gMTJKFGlPw,정치 읽어주는 여자,453000,443751077,1516
UCYUGo6ZfQZCTMrK9rMDijNQ,뉴스토마토,772000,335301067,37130
UCfq4V1DAuaojnr2ryvWNysw,채널A News,3020000,5320415322,124300
UC4Aa3OPkMenwTANpf0oWVRQ,CBS 김현정의 뉴스쇼,1540000,1152480736,18077
UC8SZ88GQa9XWwZxLNibO3ug,배승희 변호사,1560000,194318523,1527
UCVcLszfUBN9rTmc0A0uDRSQ,KBC 뉴스,367000,314315057,20671
UCOOEM6HSv1elhSe8r4hLxeg,띨띨이 당,31600,17675116,682
UCdp4_yTBhQmB8E339Lafzow,조선일보,1650000,1573081590,21472
UC_JJ_NhRqPKcIOj5Ko3W_3w,오선의 미국 증시 라이브,541000,80530502,634
UCTTmtS2ljy1vyl_s-d_LEHQ,MBC 라디오 시사,1620000,1644419592,24256
UCHBvfByzuzamrZiL398jopQ,뉴스1TV,833000,875071843,12995
UCBgvkrCWBbSLodK5GSGbjVA,새로운세상,17900,2648493,154
UCG9aFJTZ-lMCHAiO1KJsirg,MBN News,2370000,2976309649,212764
UCeFUGS2VCOb6DO3BiUgvwNA,뉴스타파 Newstapa,1580000,533655166,5144
UCAAvO0ehWox1bbym3rXKBZw,김어준의 겸손은힘들다 뉴스공장,2070000,977855837,1327
UCMT_LGvfXb16aHYwmJlC7dg,자우소,295000,225765648,1092
UCoi_zlMq24LQ8jTukKXuaeg,실버 에디션 Silver Edition,56100,17064804,1369
UCn8WFi6pE4cJZP8MiUNGFxg,KTV NEWS,122000,39490356,17522
UC1ifSsWUG241rRfK0ezYCgA,KNN NEWS,822000,2035859367,98422
UCOqCunaF9qVN8bXwsK0HT3g,펜앤드마이크TV,1690000,513261715,3471
UCF4Wxdo3inmxP-Y59wXDsFw,MBCNEWS,5440000,21156485598,302976
UCq7af5lj-gUy1qeN9DlNI9g,뉴스핌TV,248000,58170478,12169
UCaVuYo_tiiNzTSmlnM-A2kQ,시사IN(시사인),567000,137607969,2778
UCl_YDj8DFZSqESwDmmsHrqw,어준이뉴스,55100,40521769,833
UCREjdu30qQ0Mfrbz9t-gt9A,TBC뉴스,91100,47946582,8570
UCkinYTS9IHqOEwR1Sze2JTw,SBS 뉴스,4750000,13870105578,274681
UC7bitSTkUiDO6b5CSZ-2lDA,Untold Stories,611000,282296969,384
UCv_sFVU1HpziR6F-Jw_ZR3Q,정보부자 ,53800,35976398,416
UCpE5SNlejhFbiYs_Cw3iFcg,1분개츄,68600,5134043,18
UCprAWqDCXiZWdr4wquBnV3A,해라언니(hera_unni),43200,19910541,290
UC_IKIoeQoqOxqlKqg7ccVew,요서비 Yoseobii,291000,138981478,111
UCIAgiD61TiS3TVLk7fBrehQ,너의 과거,60400,45497616,198
UCX3KEmJd6CXRNH6YVa9AoOQ,JASON MEDIA,525000,1830966244,1577
UCNYE6N9YZmsUyReBLzE9x9Q,이상한 과자가게  weird sweets shop,1340000,2993364872,1062
UCryBzYxIiepEpecRkNFxJtA,상식에 미치다,74200,18263412,321
UC71TbR88ZOAsa8-JG3UD3pw,쇼츠타르트,495000,1219397623,1028
UCckPFEWk26ZhM26hnzEcm7g,공간 탐닉 Space Tamnik,91300,47020411,194
UCN8KgL5XZ6ZsA5WGSdfJCkQ,빵별사,101000,24129800,73
UCC08gcNmPTgAafZLc1s8ixw,쇼숏,185000,224943492,647
UCssBmrrBmfRkCLh1s_q6Dpw,지식99%,106000,42387371,384
UCniBqAPwwWIQLbYo4uK2RWg,토깽이네,1170000,1800792071,2402
UCs4oAFxhxxVhtW-_ApKtkLQ,하뉴,678000,622847267,286
UCTeEnzHDhsZg5JlU_Pu49yA,멍뭉치,67600,83082496,392
UCkkWd02T76Zi5UcKRX0x3Bg,도장TV,652000,167182404,177
UC_6Xjm8MX29VmgcmFcrs85A,나도 알고 너도 알고,40700,34734644,40
UCsVfO5C0JAJ4dhVkpDkpbOA,dog-cute- animals,1610000,653756025,67
UCWy5ZJoLkHZswfPCbsUGwCw,닛몰캐쉬,487000,495176740,540
UCAHn4We67Rz6OpvUaXd_zTw,폭싹 삭았수다,10000,2786322,19
UCLqX6D0cDWGqMWToI4MZGDQ,원룸만들기,590000,397583706,818
UC94h7g4jTw_Lb64aDECGBpw,럭키보이,577000,682714837,512
UCbANtnwwesH7ACedhECj00w,재공품,20000,29015723,43
UCcDw7g8A5y40i3N9rFznM4A,Azom Bro10,36300,25572016,90
UCdRrS2QfGC2X1GPgCXZ4LDQ,호호리뷰,11500,8206792,261
UC3QsCXXj8b3uu9Elki3TE3A,존이냐박이냐,319000,55212421,124
UCBlrDQmlXSUbt2dmwvuC54A,츄릅,161000,105289538,476
UClrOEuBPOU5Gg60dJ_49M-g,푸디젠 Foodie Jen,352000,106799468,135
UCEc4c4tz8HnW7N_LktwZE5w,세상에서 가장 가치있는 1분,214000,397232343,1034
UCMJk6DikArkng5tS9G7fu_w,루이수에,1480000,910131969,81
UCskfAONPi8_Jl6HWdSyz03g,지식창,189000,593508099,167
UCymq7EadSjPqkKkwkSSWSfw,de elisa,89300,33874149,60
UCURnLWTrLZVv_KiVaeZakog,Jiwon 지원,362000,465357189,986
UCNsdklXSx_VeLmnsUGPS-7w,뉴지식,130000,54546963,380
UCEUSANZNPXY1JsBoqhQIgxQ,독고독채널,614000,666371321,522
UCTrfqg_jf37pVetVuLBjZ0g,제로크림,503000,521223398,389
UCpBpsIYfgEe2s-zazZ643xw,모르면개손해,299000,1244798624,1349
UCxWjAGpAIc8tLIj8NIFNKkg,인천맛집 서울맛집 경기맛집,91900,174327682,592
UCFCtZJTuJhE18k8IXwmXTYQ,EBSDocumentary (EBS 다큐),4810000,5729314961,54315
UCFzjsxlOqoJ-U5QJmGBlJ_g,김동희 세계관,424000,634905397,608
UCAGqohta3jr5n66qdyEaDjA,쇼라링 showraring,91200,12943277,146
UC-T8S0Vs2lvVXSkQv2qUStw,1분요리왕 통키,328000,187853908,700
UCgyvzxg11MtNDfgDQKqlPvQ,AuthenTech - Ben Schmanke,1420000,873048923,1042
UCK2YrOMgAbsAraGrWyyAvdw,헬마드 (헬스 건강 정보),313000,313554319,632
UC16dMxoPddwLuWTr8HLgdzA,Pseudopilot,55400,29281694,284
UCFVhfl8WEmLEuggkJzgQxIw,얌혜민,117000,48061287,81
UCYDyvqaGX6WxH77N04sj6mg,리쥬라이크 LIJULIKE,894000,574384787,514
UC46BbEkxhjIHUj6EJ_waw-g,띠미 ddimmi,1180000,791237449,1270
UCeLDOIysrYk7uBH6llaZDiQ,주군 Joogoon,35300,49040483,866
UChlgI3UHCOnwUGzWzbJ3H5w, YTN,4910000,15965911079,844488
UChWRwAm06NNd5hROpKpvtSg,백화점,28100,3214309,25
UCN5oT4zGJX-_H6pE5isAEeg,군림보,1440000,3027103280,5968
UCSPE9JtB4BoNc5mXFEEnAEA,흐헹,139000,181624298,1288
UC2xkO7XCiStWfR3fKbzkbqw,1분미만,2440000,1126183250,664
UCCDln2DxCvHo1ABZxsghc9w,홀로나나 NANA,200000,202024783,512
UCh6nQQ4yDFv_JgENXKCJk-Q,Bass Super Test,940000,939466187,648
UChevSvAw-DEATKQz49uYyJw,홀로운동-운동 혼자하지말고 같이하자,136000,202880650,667
UCSPMRoAphbObUYeDaX367Fg,에스오디 SOD,746000,216875340,1182
UC2PT1efaWwc_d4tKo8PXTYw,꽃피는 말년,45200,21020881,126
UCljfTkPD_A3HD22TqG32WFw,3D Animation Blender,228000,161603315,189
UCQqEW-LsXeH3KHUEZqZzE0g,Oleh Chumachenko,22700,11247950,563
UCxd4gUYuA0MLHftlwdlqi_A,무쓸모,172000,286803587,571
UCX3KEmJd6CXRNH6YVa9AoOQ,JASON MEDIA,525000,1830966244,1577
UC2qAn3aWRcrr2ocjv917VOQ,ROX 록스,567000,268886543,968
UCdUcjkyZtf-1WJyPPiETF1g,ITSub잇섭,2660000,1244132216,1351
UCMYJw-gH6-_LNQzhqfYgDbg,뻘짓연구소,458000,180353970,683
UCS4Fo217cSqGNTgOhi1IVIA,지식공장장의 지식공장,42500,5273104,140
UCI-jZERBWRX_fwOtFiLKhrA,니들이유머를알아?,78900,165846621,546
UC6Qi6gcKP9VOHrIcFLtISmQ,뭐랭하맨,335000,448988520,737
UCUv49wilbcQFSfLZggowcrg,"스폰지, 스마트한 핸드폰 지식채널",14100,9647098,148
UCB9a8WTj8xN-Kg9t0x9Zr-g,살림연구소 오클,185000,111394471,548
UCY9-fwRmV8XFqbY-npsHB3A,오너스 OWNOS,182000,38271218,270
UCJiv3w22pf4Cgpwxo70MbhQ,눈쟁이,800000,416462403,2657
UCmZwiqmqnqDO1o7YbNFQOpQ,훗숏,26100,168092796,288
UCiTGSmGgJtKTcjEvDk_zRhw,귀곰,993000,184840918,300
UCSSoNGE_wWB1nqbwJZ2DiMw,호영,210000,20057323,28
UCB-GdzqBv4GpQCuegU-WcHw,통화갤러리,10400,13099021,93
UC_0oo0GPlDUU88ubLDnJkSQ,UNDERkg,792000,530689457,2775
UCuBfgru2Gk0zbUZBTjrs2Dg,숏떡숏떡,48900,70597168,195
UCeN2YeJcBCRJoXgzF_OU3qw,안될공학 - IT 테크 신기술,347000,46473471,733
UC9MqlzNSrAqRidfDk8wtj8g,Tuan CT,2040000,1681634216,521
UCeRd-DxiPTYI_1poVOIIfwg,Renan Carneiro,505000,266785412,218
UCNLSz7up0jz7UrcIDFchIow,Polonez Garage ,22700,12578960,350
UCoxT1kQSLq564FwpK473w-g,크랩 KLAB,695000,739698391,2892
UCwu7EZ6WFgVvq8GafWH-2rA,ModernToRetro,20000,11234711,198
UCtXUm3ABtdm_oK2LZ-Xcnhw,민티저,224000,40531455,267
UCErldB7f72OcuQZygMWmGaA,키키와,137000,103705031,314
UCcWXeluvExN8-eo_5KFfyjw,버미쌤,867000,297976806,455
UCjbX3qRbYoMr3L2rqKSoT2Q,들썰들썰,23400,36564778,105
UC5go3M18NfuBdTz2OI8UnFw,짤감자,179000,604759263,444
UCp94pzrtA5wPyZazbDq0CXA,긱블 Geekble,1200000,692805919,901
UCJDEss5wA1ddrCBC40giO8A,형독방송,725000,947313486,3164
UC3W-3KDBTFAkJ7n4tLtAJaQ,태사기,19100,56128587,46
UCPjUYZZ5cpqyOCGYpXJ9cAA,감동TV,123000,236652395,286
UC1sltGDBxbZyiZySoUBu22A,낮에,367000,181873311,141
UCFX6adXoyQKxft933NB3rmA,테크몽 Techmong,868000,184096784,642
UCWELVAfgzwhHVkQGdlcuIwg,티노,225000,234025554,1282
UCJKZoVf3RIMfFffjdseqdEg,디에디트 THE EDIT,524000,186075937,1078
